{
  "project_info": {
    "project_number": "974804379276",
    "firebase_url": "https://ice-money-36263-default-rtdb.firebaseio.com",
    "project_id": "ice-money-36263",
    "storage_bucket": "ice-money-36263.appspot.com"
  },
  "client": [
    {
      "client_info": {
        "mobilesdk_app_id": "1:974804379276:android:0aaf8ab02cb62fe0cd7da9",
        "android_client_info": {
          "package_name": "id.ac.umn.icemoney"
        }
      },
      "oauth_client": [
        {
          "client_id": "974804379276-2m8j2mq36t3d7ufr808sp5v1mc662u01.apps.googleusercontent.com",
          "client_type": 1,
          "android_info": {
            "package_name": "id.ac.umn.icemoney",
            "certificate_hash": "f39f8229083330cde7f28eec958ecebc09b0ac19"
          }
        },
        {
          "client_id": "974804379276-0pes8ruuo4pleinn06tuls3mg9uksqsu.apps.googleusercontent.com",
          "client_type": 3
        }
      ],
      "api_key": [
        {
          "current_key": "AIzaSyD6sWz1rt9WYy6YAW9eIdzi9kkd9RJvFSg"
        }
      ],
      "services": {
        "appinvite_service": {
          "other_platform_oauth_client": [
            {
              "client_id": "974804379276-0pes8ruuo4pleinn06tuls3mg9uksqsu.apps.googleusercontent.com",
              "client_type": 3
            }
          ]
        }
      }
    }
  ],
  "configuration_version": "1"
}